Type,Name,Request Count,Failure Count,Median Response Time,Average Response Time,Min Response Time,Max Response Time,Average Content Size,Requests/s,Failures/s,50%,66%,75%,80%,90%,95%,98%,99%,99.9%,99.99%,100%
GET,/api/v1/analytics/dashboard,230,0,43000.0,42578.6609465216,2638.8996000168845,80566.00220000837,238.0,2.0858759135194638,0.0,43000,53000,61000,66000,73000,76000,79000,80000,81000,81000,81000
POST,/api/v1/auth/login,1633,0,51000.0,50437.347770483815,2389.936999999918,99568.03269998636,391.0,14.809718985988193,0.0,51000,67000,75000,80000,89000,94000,97000,98000,100000,100000,100000
POST,/api/v1/captions/generate,191,191,47000.0,43315.73268586431,12107.502200058661,81890.46480006073,164.99476439790575,1.7321839107922503,1.7321839107922503,47000,54000,57000,58000,60000,61000,61000,62000,82000,82000,82000
GET,/api/v1/instagram/stats,229,229,25000.0,28793.230769867547,407.96820004470646,62099.59370002616,43.0,2.0768068878085097,2.0768068878085097,25000,40000,44000,48000,54000,57000,60000,62000,62000,62000,62000
,Aggregated,2283,420,46000.0,46878.77166719212,407.96820004470646,99568.03269998636,321.77135348226017,20.704585698108417,3.80899079860076,46000,59000,68000,74000,85000,92000,96000,98000,99000,100000,100000
